TrialID,ID,Mass_kg,LapNum,T_Start_s,T_End_s,Seg_Dur_s,Breaths_In_Seg,First_Breath_In_Station_s,Lap_Time_s,Station_Time_s,CO2_ml_per_kg_min,O2_ml_per_kg_min,ODBA_g
Trial17_12,01L5,156,1,136.735,201.21,64.475,3,181.0075,44.2725,20.2025,1.823604856,2.522742864,0.233684205
Trial17_12,01L5,156,2,201.21,261.31,60.1,3,237.0475,35.8375,24.2625,2.404966082,3.623448099,0.232603617
Trial17_12,01L5,156,3,261.31,328.035,66.725,3,303.9325,42.6225,24.1025,2.393290486,3.863158198,0.265394308
Trial17_12,01L5,156,4,328.035,397.2825,69.2475,3,361.3675,33.3325,35.915,1.801231369,3.037043826,0.300767787
Trial17_12,01L5,156,5,397.2825,465.76,68.4775,3,429.9575,32.675,35.8025,3.458744169,5.753714724,0.258168083
Trial17_12,01L5,156,6,465.76,529.3125,63.5525,4,498.2925,32.5325,31.02,3.586374681,5.682158603,0.265479351
Trial17_12,01L5,156,7,529.3125,578.095,48.7825,3,560.965,31.6525,17.13,4.224402666,6.452503065,0.293673691
Trial17_12,01L5,156,8,578.095,650.4125,72.3175,4,608.9425,30.8475,41.47,3.013421052,4.71159497,0.268517167
Trial17_20,01L5,156,1,124.41,190.475,66.065,3,169.335,44.925,21.14,2.249532803,2.958042487,0.270255279
Trial17_20,01L5,156,2,190.475,267.6525,77.1775,4,223.6625,33.1875,43.99,3.00755252,3.938971851,0.287539246
Trial17_20,01L5,156,3,267.6525,325.81,58.1575,3,302.1525,34.5,23.6575,3.128771671,4.763589589,0.256958267
Trial17_20,01L5,156,4,325.81,378.655,52.845,3,358.4125,32.6025,20.2425,4.080875128,6.081646615,0.285622768
Trial17_20,01L5,156,5,378.655,446.1725,67.5175,3,408.835,30.18,37.3375,3.462350217,5.545001154,0.310937259
Trial17_20,01L5,156,6,446.1725,496.6375,50.465,3,474.8775,28.705,21.76,4.694037757,7.25712413,0.366725204
Trial17_20,01L5,156,7,496.6375,552.115,55.4775,4,523.9075,27.27,28.2075,5.419383465,8.508646957,0.38071458
Trial17_20,01L5,156,8,552.115,625.365,73.25,4,580.6325,28.5175,44.7325,4.651614597,7.276975584,0.340488023
Trial17_20,01L5,156,9,625.365,693.1625,67.7975,4,653.6175,28.2525,39.545,4.121436291,6.270369624,0.358504458
Trial17_20,01L5,156,10,693.1625,755.31,62.1475,4,720.9025,27.74,34.4075,6.362654603,9.763373117,0.367009213
Trial17_20,01L5,156,11,755.31,813.315,58.005,4,780.845,25.535,32.47,7.685676964,10.95661515,0.420102504
Trial17_41,01L5,156,1,128.175,207.84,79.665,3,177.31,49.135,30.53,1.969304153,2.666454239,0.223142312
Trial17_41,01L5,156,2,207.84,263.8075,55.9675,3,246.6,38.76,17.2075,3.049846924,4.024313561,0.267332737
Trial17_41,01L5,156,3,263.8075,323.98,60.1725,3,308.0275,44.22,15.9525,3.152475096,4.423180791,0.263496927
Trial17_41,01L5,156,4,323.98,373.995,50.015,4,358.205,34.225,15.79,4.514799406,5.848245526,0.274650653
Trial17_41,01L5,156,5,373.995,429.285,55.29,6,405.7,31.705,23.585,5.162986769,6.685031373,0.301790301
Trial17_41,01L5,156,6,429.285,475.1975,45.9125,4,461.91,32.625,13.2875,5.623573269,7.385285556,0.314600241
Trial17_41,01L5,156,7,475.1975,519.6725,44.475,4,503.8075,28.61,15.865,6.093310849,8.26566351,0.336702961
Trial17_41,01L5,156,8,519.6725,564.005,44.3325,4,547.6775,28.005,16.3275,6.326319031,8.147348056,0.358829381
Trial17_41,01L5,156,9,564.005,605.9675,41.9625,4,592.6025,28.5975,13.365,5.542494443,6.766114434,0.345012539
Trial17_46,01L5,156,1,118.4,182.51,64.11,3,163.3725,44.9725,19.1375,1.662407161,2.353526991,0.217911605
Trial17_46,01L5,156,2,182.51,238.3075,55.7975,3,224.005,41.495,14.3025,2.336746546,3.425849656,0.230445634
Trial17_46,01L5,156,3,238.3075,291.535,53.2275,4,273.995,35.6875,17.54,4.05443976,5.951232554,0.254513906
Trial17_46,01L5,156,4,291.535,341.4725,49.9375,4,324.76,33.225,16.7125,4.439395398,6.731491287,0.265490918
Trial17_46,01L5,156,5,341.4725,391.88,50.4075,4,372.365,30.8925,19.515,3.955455347,6.041530755,0.303036486
Trial17_46,01L5,156,6,391.88,437.35,45.47,4,421.16,29.28,16.19,4.453485815,7.042682411,0.337795136
Trial17_46,01L5,156,7,437.35,485.9875,48.6375,4,468.7625,31.4125,17.225,4.872783346,7.452306111,0.266228371
Trial17_46,01L5,156,8,485.9875,551.335,65.3475,4,515.975,29.9875,35.36,3.276565815,5.420135548,0.304067592
Trial17_46,01L5,156,9,551.335,616.79,65.455,4,578.71,27.375,38.08,4.250130742,6.993648014,0.363244873
Trial17_57,01L5,156,1,142.675,199.3575,56.6825,4,169.9675,27.2925,29.39,2.579822154,3.714346783,0.409034547
Trial17_57,01L5,156,2,199.3575,245.235,45.8775,4,227.3125,27.955,17.9225,2.871358928,4.267216626,0.372837235
Trial17_57,01L5,156,3,245.235,289.215,43.98,4,273.8875,28.6525,15.3275,3.710602722,5.380067863,0.353224291
Trial17_57,01L5,156,4,289.215,326.8475,37.6325,4,313.7475,24.5325,13.1,4.785143774,6.960023302,0.472814068
Trial17_57,01L5,156,5,326.8475,366.215,39.3675,4,352.7625,25.915,13.4525,5.211249029,8.128532419,0.422186578
Trial17_57,01L5,156,6,366.215,406.065,39.85,4,392.1375,25.9225,13.9275,5.602741048,8.943152205,0.421574431
Trial17_57,01L5,156,7,406.065,445.69,39.625,5,430.6925,24.6275,14.9975,5.823829168,9.12885222,0.445223302
Trial17_57,01L5,156,8,445.69,491.055,45.365,4,470.145,24.455,20.91,5.448965231,8.864848367,0.462411186
Trial17_57,01L5,156,9,491.055,530.455,39.4,5,516.635,25.58,13.82,6.439867239,9.332292073,0.435351521
Trial17_63,01L5,156,1,153.05,200.55,47.5,4,182.73,29.68,17.82,3.377327935,3.688259109,0.302403215
Trial17_63,01L5,156,2,200.55,245.5425,44.9925,4,231.1625,30.6125,14.38,4.338329893,5.465868243,0.28001387
Trial17_63,01L5,156,3,245.5425,302.7875,57.245,4,276.3125,30.77,26.475,5.045788346,7.252228948,0.298475754
Trial17_63,01L5,156,4,302.7875,349.83,47.0425,4,331.195,28.4075,18.635,4.799260897,6.553811815,0.319214647
Trial17_63,01L5,156,5,349.83,398.3025,48.4725,4,379.865,30.035,18.4375,5.473365152,7.606216054,0.295527385
Trial17_63,01L5,156,6,398.3025,452.7575,54.455,4,427.6525,29.35,25.105,4.939152299,7.333507554,0.300690159
Trial17_63,01L5,156,7,452.7575,500.58,47.8225,4,485.3875,32.63,15.1925,4.852077193,6.571576784,0.251344226
Trial17_63,01L5,156,8,500.58,553.49,52.91,4,527.4125,26.8325,26.0775,6.549583473,9.429655584,0.388217934
Trial17_63,01L5,156,9,553.49,606.35,52.86,4,583.1125,29.6225,23.2375,5.542216013,7.520591403,0.292322751
Trial17_63,01L5,156,10,606.35,639.635,33.285,3,623.4625,17.1125,16.1725,6.38887926,8.450329901,0.316076112
Trial17_71,01L5,156,1,129.6575,195.1175,65.46,4,169.145,39.4875,25.9725,2.994782486,3.49126889,0.233293174
Trial17_71,01L5,156,2,195.1175,258.7825,63.665,5,236.3925,41.275,22.39,3.487002278,4.603422965,0.267412051
Trial17_71,01L5,156,3,258.7825,314.67,55.8875,4,298.1125,39.33,16.5575,3.959189994,5.267450063,0.21174178
Trial17_71,01L5,156,4,314.67,378.0525,63.3825,4,354.6875,40.0175,23.365,2.930316242,4.109967262,0.189630725
Trial17_71,01L5,156,5,378.0525,452.7025,74.65,4,412.2625,34.21,40.44,3.919315781,5.934875573,0.232209779
Trial17_71,01L5,156,6,452.7025,514.61,61.9075,4,488.8275,36.125,25.7825,4.369422122,5.787791339,0.216848515
Trial17_71,01L5,156,7,514.61,568.0875,53.4775,4,549.16,34.55,18.9275,5.4537674,7.292786686,0.218020532
Trial17_71,01L5,156,8,568.0875,632.6025,64.515,4,604.1225,36.035,28.48,4.457520314,6.108895367,0.207009775
Trial17_71,01L5,156,9,632.6025,689.0175,56.415,4,668.3675,35.765,20.65,4.625065619,6.356056423,0.240567429
Trial17_82,01L5,156,1,144.0275,205.9725,61.945,3,183.2125,39.185,22.76,2.826328567,3.488206039,0.218149022
Trial17_82,01L5,156,2,205.9725,263.725,57.7525,3,245.7125,39.74,18.0125,2.869672642,3.693479803,0.200133935
Trial17_82,01L5,156,3,263.725,326.5575,62.8325,3,301.9825,38.2575,24.575,3.505045466,5.027408035,0.20952938
Trial17_82,01L5,156,4,326.5575,383.94,57.3825,3,361.85,35.2925,22.09,3.551069242,5.14630231,0.237005489
Trial17_82,01L5,156,5,383.94,434.95,51.01,4,413.08,29.14,21.87,4.140213834,6.091565756,0.316796737
Trial17_82,01L5,156,6,434.95,486.85,51.9,4,462.325,27.375,24.525,4.736179043,6.96976434,0.371119173
Trial17_82,01L5,156,7,486.85,532.885,46.035,4,514.5875,27.7375,18.2975,5.221779415,7.539413991,0.330293929
Trial17_82,01L5,156,8,532.885,575.295,42.41,4,559.045,26.16,16.25,5.621859866,8.006094354,0.37095611
Trial17_82,01L5,156,9,575.295,632.17,56.875,4,603.545,28.25,28.625,4.699239222,7.508368555,0.340760684
Trial18_29,01L5,149,1,167.9475,211.89,43.9425,2,204.68,36.7325,7.21,2.794072333,2.356954425,0.228465807
Trial18_29,01L5,149,2,211.89,255.4475,43.5575,2,249.2025,37.3125,6.245,3.998417582,4.444946066,0.224352264
Trial18_29,01L5,149,3,255.4475,300.25,44.8025,2,292.13,36.6825,8.12,3.196130369,3.953818193,0.212463444
Trial18_29,01L5,149,4,300.25,345.5225,45.2725,2,334.4075,34.1575,11.115,4.029291676,5.624997915,0.226472241
Trial18_29,01L5,149,5,345.5225,390.7325,45.21,2,382.48,36.9575,8.2525,2.042370504,2.780759142,0.208717167
Trial18_29,01L5,149,6,390.7325,437.3475,46.615,2,427.9575,37.225,9.39,4.86607776,7.491323687,0.213670758
Trial18_29,01L5,149,7,437.3475,490.3225,52.975,3,475.25,37.9025,15.0725,4.022664863,5.640244385,0.202166102
Trial18_29,01L5,149,8,490.3225,537.18,46.8575,2,526.74,36.4175,10.44,4.246202699,6.001059187,0.215067642
Trial17_25,6JK5,209,1,124.305,188.085,63.78,3,158.165,33.86,29.92,4.073062156,3.811547169,0.239833208
Trial17_25,6JK5,209,2,188.085,253.935,65.85,3,222.0975,34.0125,31.8375,2.079541367,2.365096838,0.261279769
Trial17_25,6JK5,209,3,253.935,314.635,60.7,4,285.1125,31.1775,29.5225,5.76054484,7.316554078,0.274933713
Trial17_25,6JK5,209,4,314.635,366.6875,52.0525,3,345.2125,30.5775,21.475,5.091105801,6.329825726,0.289298089
Trial17_25,6JK5,209,5,366.6875,415.86,49.1725,3,395.69,29.0025,20.17,5.427237041,6.938759922,0.301101897
Trial17_25,6JK5,209,6,415.86,489.8225,73.9625,4,444.12,28.26,45.7025,4.059990959,5.607911031,0.305003784
Trial17_25,6JK5,209,7,489.8225,543.6125,53.79,3,517.9125,28.09,25.7,5.47797522,6.605165756,0.314844594
Trial17_25,6JK5,209,8,543.6125,619.0525,75.44,5,572.9825,29.37,46.07,4.768198816,6.192189236,0.30411831
Trial17_25,6JK5,209,9,619.0525,680.3225,61.27,3,649.2225,30.17,31.1,4.813895355,6.138489688,0.281273596
Trial17_39,6JK5,209,1,135.4425,198.05,62.6075,3,172.095,36.6525,25.955,2.878723237,2.62377419,0.279398327
Trial17_39,6JK5,209,2,198.05,246.46,48.41,3,233.3225,35.2725,13.1375,3.610310259,4.410888256,0.318175019
Trial17_39,6JK5,209,3,246.46,303.2225,56.7625,3,281.82,35.36,21.4025,3.970206592,4.954918978,0.286183736
Trial17_39,6JK5,209,4,303.2225,353.6375,50.415,3,336.995,33.7725,16.6425,4.654003351,6.091830154,0.305253927
Trial17_39,6JK5,209,5,353.6375,419.7475,66.11,4,394.3575,40.72,25.39,5.452851887,7.326631922,0.283270295
Trial17_39,6JK5,209,6,419.7475,465.155,45.4075,3,452.365,32.6175,12.79,4.371893331,6.189564094,0.334560277
Trial17_39,6JK5,209,7,465.155,513.065,47.91,3,498.6575,33.5025,14.4075,5.01059103,7.2396509,0.310556522
Trial17_39,6JK5,209,8,513.065,563.2,50.135,3,547.8925,34.8275,15.3075,5.077964138,6.654377678,0.296587676
Trial17_39,6JK5,209,9,563.2,614.2,51,3,597.085,33.885,17.115,5.5215311,7.186039966,0.321563626
Trial17_50,6JK5,209,1,142.0875,196.045,53.9575,4,169.27,27.1825,26.775,4.871989673,4.781008977,0.402363682
Trial17_50,6JK5,209,2,196.045,247.505,51.46,4,223.6525,27.6075,23.8525,6.618602826,7.78344122,0.3808378
Trial17_50,6JK5,209,3,247.505,298.32,50.815,4,273.6225,26.1175,24.6975,8.832489747,10.75728779,0.444805423
Trial17_50,6JK5,209,4,298.32,351.8125,53.4925,4,326.905,28.585,24.9075,7.00523013,8.971073841,0.40279387
Trial17_50,6JK5,209,5,351.8125,403.44,51.6275,4,376.83,25.0175,26.61,6.388605902,8.330377319,0.461729148
Trial17_50,6JK5,209,6,403.44,456.9275,53.4875,4,428.4675,25.0275,28.46,7.022523485,8.97405936,0.489077708
Trial17_50,6JK5,209,7,456.9275,508.325,51.3975,4,481.645,24.7175,26.68,7.926958263,10.28739552,0.459852455
Trial17_50,6JK5,209,8,508.325,550.6175,42.2925,4,531.8575,23.5325,18.76,10.95718386,13.22505348,0.523133291
Trial17_50,6JK5,209,9,550.6175,594.2125,43.595,4,575.2375,24.62,18.975,9.735544274,11.9560702,0.490898867
Trial17_62,6JK5,209,1,81.175,133.5625,52.3875,4,105.5725,24.3975,27.99,4.286971741,4.292999695,0.42417118
Trial17_62,6JK5,209,2,133.5625,176.715,43.1525,4,161.1725,27.61,15.5425,4.902386634,5.52973778,0.392950677
Trial17_62,6JK5,209,3,176.715,223.0425,46.3275,4,204.91,28.195,18.1325,6.062929853,7.864953567,0.402404221
Trial17_62,6JK5,209,4,223.0425,270.9475,47.905,4,255.325,32.2825,15.6225,5.230447621,7.531652808,0.320595698
Trial17_62,6JK5,209,5,270.9475,326.54,55.5925,4,301.4575,30.51,25.0825,6.029521469,7.568402419,0.342734311
Trial17_62,6JK5,209,6,326.54,381.775,55.235,4,355.425,28.885,26.35,4.507751352,7.300862821,0.344563223
Trial17_62,6JK5,209,7,381.775,436.5925,54.8175,4,412.75,30.975,23.8425,5.884336084,8.21638918,0.348667383
Trial17_62,6JK5,209,8,436.5925,483.22,46.6275,4,464.6625,28.07,18.5575,4.659549791,6.657467216,0.365849664
Trial17_62,6JK5,209,9,483.22,530.36,47.14,4,509.6975,26.4775,20.6625,7.848757544,10.934547,0.415787394
Trial17_70,6JK5,209,1,117.5175,183.4725,65.955,4,146.1875,28.67,37.285,3.30978168,3.560931605,0.36809226
Trial17_70,6JK5,209,2,183.4725,230.87,47.3975,4,209.12,25.6475,21.75,4.210748402,5.590507444,0.412112238
Trial17_70,6JK5,209,3,230.87,282.3025,51.4325,5,256.105,25.235,26.1975,2.909187659,4.113162674,0.399024575
Trial17_70,6JK5,209,4,282.3025,328.81,46.5075,4,307.6325,25.33,21.1775,5.765392061,7.780192884,0.395495804
Trial17_70,6JK5,209,5,328.81,380.825,52.015,5,354.0925,25.2825,26.7325,2.283846167,3.353467692,0.424354769
Trial17_70,6JK5,209,6,380.825,423.6375,42.8125,4,406.0075,25.1825,17.63,4.249306744,7.113246953,0.417005797
Trial17_70,6JK5,209,7,423.6375,463.025,39.3875,4,448.5925,24.955,14.4325,5.209920448,8.287184595,0.422822325
Trial17_70,6JK5,209,8,463.025,505.755,42.73,4,489.7375,26.7125,16.0175,7.055092788,9.791536263,0.389902254
Trial17_70,6JK5,209,9,505.755,544.945,39.19,4,529.185,23.43,15.76,7.203038564,10.42400476,0.450173077
Trial18_05,6JK5,210,1,160.9325,203.5,42.5675,3,189.495,28.5625,14.005,2.177382141,2.09079697,0.351935464
Trial18_05,6JK5,210,2,203.5,247.6925,44.1925,3,231.5275,28.0275,16.165,3.471823758,3.420748511,0.371446808
Trial18_05,6JK5,210,3,247.6925,287.61,39.9175,2,275.245,27.5525,12.365,3.527275005,4.013277385,0.392258428
Trial18_05,6JK5,210,4,287.61,327.98,40.37,2,315.1325,27.5225,12.8475,4.009342156,5.020701369,0.393794967
Trial18_05,6JK5,210,5,327.98,366.19,38.21,3,355.195,27.215,10.995,3.877070326,5.241709351,0.390446294
Trial18_05,6JK5,210,6,366.19,403.7975,37.6075,2,393.6025,27.4125,10.195,4.281060959,5.440404175,0.372236977
Trial18_05,6JK5,210,7,403.7975,440.36,36.5625,2,429.6025,25.805,10.7575,4.612063492,5.674041514,0.468862725
Trial18_05,6JK5,210,8,440.36,473.795,33.435,2,465.6875,25.3275,8.1075,4.342754598,6.794419877,0.479758635
Trial17_11,83H1,142,1,142.35,198.605,56.255,4,166.2175,23.8675,32.3875,8.731618222,10.25561421,0.496165098
Trial17_11,83H1,142,2,198.605,245.8125,47.2075,4,222.6375,24.0325,23.175,6.166959923,7.813869394,0.517246432
Trial17_11,83H1,142,3,245.8125,286.9325,41.12,3,269.8075,23.995,17.125,7.910204417,10.47809229,0.513518826
Trial17_11,83H1,142,4,286.9325,336.34,49.4075,4,307.8875,20.955,28.4525,10.00247297,12.48855273,0.575557131
Trial17_11,83H1,142,5,336.34,380.1325,43.7925,3,360.9125,24.5725,19.22,8.572758696,12.27684656,0.535844706
Trial17_11,83H1,142,6,380.1325,415.745,35.6125,3,402.805,22.6725,12.94,10.15745579,13.25179579,0.587269927
Trial17_11,83H1,142,7,415.745,471.34,55.595,4,436.675,20.93,34.665,10.52480908,14.95270752,0.593395059
Trial17_56,83H1,142,1,124.1675,197.0325,72.865,3,160.5375,36.37,36.495,4.85713982,6.815420762,0.288681348
Trial17_56,83H1,142,2,197.0325,277.6975,80.665,3,235.8225,38.79,41.875,3.565607368,5.137575593,0.284298598
Trial17_56,83H1,142,3,277.6975,348.0025,70.305,3,307.48,29.7825,40.5225,5.664453974,7.8983824,0.392171323
Trial17_56,83H1,142,4,348.0025,415.92,67.9175,3,381.83,33.8275,34.09,5.625922502,7.779736912,0.364312512
Trial17_56,83H1,142,5,415.92,487.3925,71.4725,3,447.6375,31.7175,39.755,5.100159177,7.156894285,0.338913077
Trial17_56,83H1,142,6,487.3925,545.3225,57.93,3,518.02,30.6275,27.3025,6.862094368,9.494460288,0.392166967
Trial17_56,83H1,142,7,545.3225,607.0025,61.68,3,576.5875,31.265,30.415,8.030772182,11.05318683,0.391886252
Trial17_81,83H1,142,1,150.55,211.83,61.28,3,172.905,22.355,38.925,4.888666201,6.004992094,0.64535667
Trial17_81,83H1,142,2,211.83,279.1075,67.2775,4,237.0825,25.2525,42.025,7.649628588,10.1009012,0.544820364
Trial17_81,83H1,142,3,279.1075,366.525,87.4175,4,305.3975,26.29,61.1275,7.489073199,10.28382092,0.531737173
Trial17_81,83H1,142,4,366.525,431.3475,64.8225,4,393.075,26.55,38.2725,7.382022087,10.10408162,0.490943569
Trial17_81,83H1,142,5,431.3475,513.72,82.3725,3,456.5175,25.17,57.2025,5.696383527,8.251420569,0.518386247
Trial17_81,83H1,142,6,513.72,576.185,62.465,4,539.96,26.24,36.225,7.800650054,11.03806864,0.462862584
Trial17_81,83H1,142,7,576.185,651.3725,75.1875,4,601.67,25.485,49.7025,7.759755541,10.5915493,0.51040327
Trial18_23,83H1,141,1,181.195,222.42,41.225,3,210.96,29.765,11.46,4.149516793,3.487864986,0.383886277
Trial18_23,83H1,141,2,222.42,263.63,41.21,3,250.95,28.53,12.68,4.1799398,3.954834346,0.374216946
Trial18_23,83H1,141,3,263.63,305.75,42.12,3,292.115,28.485,13.635,4.90493221,5.578792104,0.487292577
Trial18_23,83H1,141,4,305.75,346.705,40.955,3,332.085,26.335,14.62,7.952682888,9.002096229,0.465603894
Trial18_23,83H1,141,5,346.705,386.305,39.6,2,373.05,26.345,13.255,7.9701268,8.708360198,0.5744638
Trial18_23,83H1,141,6,386.305,424.655,38.35,2,411.955,25.65,12.7,7.133623679,7.928097867,0.561410902
Trial18_23,83H1,141,7,424.655,465.7,41.045,4,449,24.345,16.7,4.532648391,5.26251675,0.583711804
Trial18_23,83H1,141,8,465.7,509.6,43.9,4,489.085,23.385,20.515,10.759463,10.95332719,0.624113
Trial18_24,83H1,141,1,136.56,173.215,36.655,3,161.09,24.53,12.125,4.063188384,4.245451406,0.556837418
Trial18_24,83H1,141,2,173.215,215.15,41.935,5,197.425,24.21,17.725,5.869265758,8.336102732,0.62790329
Trial18_24,83H1,141,3,215.15,247.59,32.44,2,240.51,25.36,7.08,10.4940053,13.69467692,0.528478764
Trial18_24,83H1,141,4,247.59,284.29,36.7,2,271.54,23.95,12.75,8.572091136,11.61806482,0.679688134
Trial18_24,83H1,141,5,284.29,321.865,37.575,2,309.765,25.475,12.1,11.00550672,16.14246684,0.559532588
Trial18_24,83H1,141,6,321.865,362.65,40.785,3,347.685,25.82,14.965,12.32201033,16.43699837,0.480946089
Trial18_24,83H1,141,7,362.65,398.405,35.755,2,386.515,23.865,11.89,12.08936706,16.18699364,0.654801292
Trial18_24,83H1,141,8,398.405,431.925,33.52,2,420.99,22.585,10.935,12.75707104,16.95780226,0.632753058
Trial18_34,83H1,141,1,150.815,179.43,28.615,2,174.04,23.225,5.39,2.087879813,2.361505088,0.706789717
Trial18_34,83H1,141,2,179.43,210.995,31.565,3,201.045,21.615,9.95,8.193831708,9.986822194,0.71297241
Trial18_34,83H1,141,3,210.995,242.2675,31.2725,2,233.065,22.07,9.2025,9.884287568,12.74180462,0.628340339
Trial18_34,83H1,141,4,242.2675,273.2,30.9325,2,266.6025,24.335,6.5975,8.98868676,12.19126753,0.655050461
Trial18_34,83H1,141,5,273.2,309.295,36.095,5,292.665,19.465,16.63,11.8788186,14.87210169,0.681182949
Trial18_34,83H1,141,6,309.295,337.0875,27.7925,2,331.815,22.52,5.2725,10.90298737,14.52557804,0.60222988
Trial18_34,83H1,141,7,337.0875,368.6125,31.525,3,358.65,21.5625,9.9625,12.39813049,15.15582027,0.711829681
Trial18_34,83H1,141,8,368.6125,399.415,30.8025,3,389.365,20.7525,10.05,10.11799609,12.67512481,0.733515734
Trial19_02,83H1,146,1,206.835,242.47,35.635,3,229.68,22.845,12.79,5.657820636,6.475471437,0.654707136
Trial19_02,83H1,146,2,242.47,289.535,47.065,5,267.41,24.94,22.125,7.557312897,8.560588751,0.55501909
Trial19_02,83H1,146,3,289.535,330.6375,41.1025,3,314.49,24.955,16.1475,5.278151097,6.253994149,0.540688903
Trial19_02,83H1,146,4,330.6375,368.84,38.2025,4,355.4225,24.785,13.4175,6.378052071,7.734558002,0.554152872
Trial19_02,83H1,146,5,368.84,399.985,31.145,3,389.875,21.035,10.11,7.911734112,9.140190492,0.688889457
Trial19_02,83H1,146,6,399.985,429.71,29.725,3,421.1225,21.1375,8.5875,11.35338779,14.71848105,0.766571751
Trial19_02,83H1,146,7,429.71,460.375,30.665,3,451.0225,21.3125,9.3525,7.106848422,8.881215254,0.758828925
Trial19_02,83H1,146,8,460.375,507.01,46.635,4,480.04,19.665,26.97,8.842203589,10.75622254,0.72674498
Trial19_02,83H1,146,9,507.01,554.3275,47.3175,5,528.4,21.39,25.9275,9.831573508,11.5729432,0.656045423
Trial19_11,83H1,146,1,169.715,214.2975,44.5825,3,196.7175,27.0025,17.58,4.085391943,4.478998071,0.597192244
Trial19_11,83H1,146,2,214.2975,282.02,67.7225,3,242.75,28.4525,39.27,7.00886019,8.46888769,0.412399869
Trial19_11,83H1,146,3,282.02,330.925,48.905,3,308.9625,26.9425,21.9625,6.129300167,6.964579076,0.529957617
Trial19_11,83H1,146,4,330.925,384.2375,53.3125,3,352.7375,21.8125,31.5,7.875764827,9.726573415,0.731504841
Trial19_11,83H1,146,5,384.2375,424.7575,40.52,3,406.8425,22.605,17.915,9.766866354,10.92712545,0.704071848
Trial19_11,83H1,146,6,424.7575,475.7825,51.025,3,446.985,22.2275,28.7975,9.489304867,11.66470908,0.71421479
Trial19_11,83H1,146,7,475.7825,522.7675,46.985,3,497.61,21.8275,25.1575,10.14080565,12.20587742,0.759330754
Trial19_11,83H1,146,8,522.7675,557.255,34.4875,3,542.9775,20.21,14.2775,10.08942092,11.51936129,0.763429273
Trial18_25,9FL3,243,1,160.4575,207.69,47.2325,3,183.86,23.4025,23.83,6.916141781,7.845612687,0.807387735
Trial18_25,9FL3,243,2,207.69,248.4775,40.7875,3,228.73,21.04,19.7475,6.076662013,8.719083779,0.864406386
Trial18_25,9FL3,243,3,248.4775,287.02,38.5425,3,268.3825,19.905,18.6375,8.192335381,12.32950319,0.851356416
Trial18_25,9FL3,243,4,287.02,339.89,52.87,5,308.1075,21.0875,31.7825,10.35804104,14.51125168,0.788023485
Trial18_25,9FL3,243,5,339.89,380.8175,40.9275,3,360.4325,20.5425,20.385,7.956255076,12.1793204,0.853672776
Trial18_25,9FL3,243,6,380.8175,428.165,47.3475,4,400.395,19.5775,27.77,10.67494796,15.22288256,0.984319512
Trial18_25,9FL3,243,7,428.165,467.19,39.025,4,445.5625,17.3975,21.6275,13.90561606,17.88660324,1.112697389
Trial19_01,9FL3,247,1,191.4525,224.255,32.8025,3,211.43,19.9775,12.825,8.37918755,7.174332212,1.024544292
Trial19_01,9FL3,247,2,224.255,262.62,38.365,3,243.93,19.675,18.69,7.271303604,9.781815515,0.933439835
Trial19_01,9FL3,247,3,262.62,313.205,50.585,4,282.465,19.845,30.74,6.983715628,10.44075811,0.921418348
Trial19_01,9FL3,247,4,313.205,363.96,50.755,3,334.08,20.875,29.88,5.656609488,9.000130419,0.998053668
Trial19_01,9FL3,247,5,363.96,407.605,43.645,3,384.78,20.82,22.825,11.42805196,16.14442621,0.964135873
Trial19_01,9FL3,247,6,407.605,443.005,35.4,3,426.76,19.155,16.245,6.829753654,9.904618129,0.92554162
Trial19_01,9FL3,247,7,443.005,488.055,45.05,4,463.705,20.7,24.35,10.45963325,13.68088539,0.860825121
Trial19_01,9FL3,247,8,488.055,536.575,48.52,4,507.755,19.7,28.82,11.35121875,14.53184296,0.855916546
Trial19_10,9FL3,247,1,175.21,211.2325,36.0225,3,197.47,22.26,13.7625,5.473637007,5.98141681,0.865889923
Trial19_10,9FL3,247,2,211.2325,255.2975,44.065,4,230.29,19.0575,25.0075,7.992241862,10.19950744,0.886860507
Trial19_10,9FL3,247,3,255.2975,302.11,46.8125,4,275.645,20.3475,26.465,6.387788306,9.227785495,0.888330554
Trial19_10,9FL3,247,4,302.11,350.35,48.24,4,322.495,20.385,27.855,8.708481882,12.25149556,0.8998743
Trial19_10,9FL3,247,5,350.35,411.56,61.21,4,370.835,20.485,40.725,10.3337088,13.54902847,0.936678867
Trial19_10,9FL3,247,6,411.56,453.335,41.775,4,431.36,19.8,21.975,11.50175536,14.2783419,0.938504817
Trial19_10,9FL3,247,7,453.335,501.7975,48.4625,4,473.96,20.625,27.8375,11.15516714,14.51149152,0.801589152
Trial19_10,9FL3,247,8,501.7975,542.875,41.0775,4,523.145,21.3475,19.73,11.75264392,14.87678692,0.797715049
Trial17_08,9ON6,186,1,121.555,164.6175,43.0625,3,145.7675,24.2125,18.85,5.340324922,7.556908095,0.402096548
Trial17_08,9ON6,186,2,164.6175,196.3425,31.725,3,188.9475,24.33,7.395,5.653422812,8.410991637,0.390913905
Trial17_08,9ON6,186,3,196.3425,236.14,39.7975,3,222.29,25.9475,13.85,10.63286112,14.79992462,0.441675958
Trial17_08,9ON6,186,4,236.14,271.4525,35.3125,3,260.275,24.135,11.1775,8.248015986,12.19069369,0.415612142
Trial17_08,9ON6,186,5,271.4525,307.74,36.2875,3,296.2175,24.765,11.5225,9.573189026,13.83307591,0.422954667
Trial17_08,9ON6,186,6,307.74,340.8575,33.1175,3,332.77,25.03,8.0875,7.17776636,11.30578561,0.405446148
Trial17_08,9ON6,186,7,340.8575,378.09,37.2325,4,366.2975,25.44,11.7925,11.71106582,16.37227275,0.396822979
Trial17_16,9ON6,186,1,144.8725,198.73,53.8575,5,171.8225,26.95,26.9075,4.303471077,5.308512757,0.29873315
Trial17_16,9ON6,186,2,198.73,236.3,37.57,3,225.4,26.67,10.9,5.689165171,8.128482746,0.300850711
Trial17_16,9ON6,186,3,236.3,274.565,38.265,3,264.69,28.39,9.875,7.379775167,10.55289303,0.312909184
Trial17_16,9ON6,186,4,274.565,312.1575,37.5925,4,300.2425,25.6775,11.915,8.293521142,10.81375618,0.33241799
Trial17_16,9ON6,186,5,312.1575,349.4225,37.265,4,336.955,24.7975,12.4675,8.916089213,12.8573469,0.345531656
Trial17_16,9ON6,186,6,349.4225,390.555,41.1325,4,374.76,25.3375,15.795,11.36139502,15.38301673,0.354726029
Trial17_16,9ON6,186,7,390.555,443.1625,52.6075,5,416.905,26.35,26.2575,11.26663836,13.99898518,0.425916637
Trial17_16,9ON6,186,8,443.1625,486.215,43.0525,4,469.2225,26.06,16.9925,8.57093084,11.90819161,0.395616366
Trial17_16,9ON6,186,9,486.215,531.22,45.005,5,513.0225,26.8075,18.1975,10.11357161,14.18193677,0.345167522
Trial17_26,9ON6,186,1,142.1375,181.015,38.8775,3,168.5475,26.41,12.4675,6.042138147,6.902574464,0.398703902
Trial17_26,9ON6,186,2,181.015,245.675,64.66,9,206.5075,25.4925,39.1675,5.908823324,7.478323339,0.438681345
Trial17_26,9ON6,186,3,245.675,300.02,54.345,6,271.3725,25.6975,28.6475,8.241847931,10.72775784,0.402020859
Trial17_26,9ON6,186,4,300.02,337.385,37.365,3,325.285,25.265,12.1,7.061982276,9.660584556,0.438666007
Trial17_26,9ON6,186,5,337.385,390.485,53.1,7,362.9925,25.6075,27.4925,8.771034567,11.37840957,0.439751066
Trial17_26,9ON6,186,6,390.485,425.07,34.585,3,414.42,23.935,10.65,6.12889235,8.313318752,0.447222067
Trial17_26,9ON6,186,7,425.07,478.035,52.965,6,450.97,25.9,27.065,9.781261515,13.04208805,0.412894442
Trial17_26,9ON6,186,8,478.035,525.4975,47.4625,4,502.955,24.92,22.5425,8.280221227,10.94106553,0.423037476
Trial17_26,9ON6,186,9,525.4975,563.0025,37.505,3,550.5,25.0025,12.5025,9.967703231,13.04084187,0.438471597
Trial17_35,9ON6,186,1,289.8075,330.9275,41.12,3,318.3675,28.56,12.56,6.109577005,7.250219656,0.440693796
Trial17_35,9ON6,186,2,330.9275,370.0775,39.15,3,358.5775,27.65,11.5,9.050385202,11.29979813,0.471824129
Trial17_35,9ON6,186,3,370.0775,408.78,38.7025,3,396.7075,26.63,12.0725,7.241342666,10.23023019,0.465869368
Trial17_35,9ON6,186,4,408.78,444.245,35.465,3,435.0075,26.2275,9.2375,9.405001751,12.77861408,0.479435628
Trial17_35,9ON6,186,5,444.245,480.45,36.205,3,471.4575,27.2125,8.9925,10.91365923,14.92664977,0.443513082
Trial17_35,9ON6,186,6,480.45,518.1025,37.6525,3,507.33,26.88,10.7725,11.16920223,15.37146786,0.467404513
Trial17_35,9ON6,186,7,518.1025,555.6675,37.565,3,544.92,26.8175,10.7475,10.5975449,14.57087285,0.475580817
Trial17_35,9ON6,186,8,555.6675,595.3325,39.665,3,583.175,27.5075,12.1575,11.16528344,14.9477682,0.442065426
Trial17_35,9ON6,186,9,595.3325,636.9025,41.57,3,623.7075,28.375,13.195,8.941001187,11.88744985,0.410109085
Trial17_49,9ON6,186,1,140.9375,183.7925,42.855,4,163.105,22.1675,20.6875,5.276607916,6.84001942,0.572225877
Trial17_49,9ON6,186,2,183.7925,229.5925,45.8,4,205.9325,22.14,23.66,4.398506832,6.741794619,0.584544655
Trial17_49,9ON6,186,3,229.5925,270.115,40.5225,4,251.9675,22.375,18.1475,6.103339642,9.398999759,0.581186162
Trial17_49,9ON6,186,4,270.115,315.7925,45.6775,5,294.0125,23.8975,21.78,9.240096681,12.98373414,0.549278153
Trial17_49,9ON6,186,5,315.7925,354.9825,39.19,4,339.495,23.7025,15.4875,7.473927681,10.68491798,0.546356206
Trial17_49,9ON6,186,6,354.9825,393.9,38.9175,4,377.87,22.8875,16.03,8.698300997,12.49707301,0.601168967
Trial17_49,9ON6,186,7,393.9,437.805,43.905,5,416.4725,22.5725,21.3325,11.76954642,15.50414935,0.573940207
Trial17_49,9ON6,186,8,437.805,477.965,40.16,4,461.0325,23.2275,16.9325,10.4180054,13.94582958,0.585477388
Trial17_49,9ON6,186,9,477.965,517.99,40.025,5,501.2925,23.3275,16.6975,11.40819246,15.0486591,0.582394754
Trial17_58,9ON6,186,1,189.9725,241.3125,51.34,4,211.695,21.7225,29.6175,6.939190972,8.495545195,0.694807284
Trial17_58,9ON6,186,2,241.3125,286.5775,45.265,4,264.885,23.5725,21.6925,6.87350121,9.144714103,0.584052328
Trial17_58,9ON6,186,3,286.5775,327.8525,41.275,4,310.9725,24.395,16.88,8.746214416,11.93099002,0.667533466
Trial17_58,9ON6,186,4,327.8525,366.68,38.8275,4,350.96,23.1075,15.72,11.68858952,15.12978206,0.709112414
Trial17_58,9ON6,186,5,366.68,408.3775,41.6975,4,391.2075,24.5275,17.17,8.522209694,11.60818414,0.59697337
Trial17_58,9ON6,186,6,408.3775,460.1675,51.79,5,434.3475,25.97,25.82,9.357890737,12.62418327,0.603574603
Trial17_58,9ON6,186,7,460.1675,504.935,44.7675,5,484.0275,23.86,20.9075,12.18121585,15.99374546,0.504416614
Trial17_58,9ON6,186,8,504.935,548.1275,43.1925,4,529.53,24.595,18.5975,11.80984602,14.75390553,0.54251991
Trial17_58,9ON6,186,9,548.1275,594.285,46.1575,4,572.97,24.8425,21.315,11.19868333,14.77829242,0.595548616
Trial17_78,9ON6,186,1,128.8075,178.5675,49.76,4,150.9375,22.13,27.63,4.939191993,6.196841614,0.560551093
Trial17_78,9ON6,186,2,178.5675,225.9025,47.335,4,201.4175,22.85,24.485,5.97048491,7.78800383,0.530647445
Trial17_78,9ON6,186,3,225.9025,290.0675,64.165,6,249.825,23.9225,40.2425,8.456021899,11.02651179,0.518022761
Trial17_78,9ON6,186,4,290.0675,333.7725,43.705,4,314.215,24.1475,19.5575,8.596491876,11.91419008,0.526242558
Trial17_78,9ON6,186,5,333.7725,386.74,52.9675,6,357.9,24.1275,28.84,9.946452252,12.84597829,0.473326231
Trial17_78,9ON6,186,6,386.74,431.485,44.745,4,410.79,24.05,20.695,7.226613895,10.11250131,0.476235536
Trial17_78,9ON6,186,7,431.485,478.35,46.865,4,455.6325,24.1475,22.7175,7.664430777,10.70267033,0.46061891
Trial17_78,9ON6,186,8,478.35,520.925,42.575,4,502.475,24.125,18.45,9.430795749,12.99111625,0.463724871
Trial17_78,9ON6,186,9,520.925,567.78,46.855,4,545.195,24.27,22.585,9.008574841,12.46191924,0.476213048
Trial18_02,9ON6,190,1,134.6475,169.45,34.8025,2,162.155,27.5075,7.295,3.986102027,4.158503435,0.404481297
Trial18_02,9ON6,190,2,169.45,203.33,33.88,2,195.7625,26.3125,7.5675,3.584788417,4.230721432,0.406427253
Trial18_02,9ON6,190,3,203.33,237.68,34.35,2,230.3925,27.0625,7.2875,4.707883245,6.280854976,0.373913029
Trial18_02,9ON6,190,4,237.68,271.41,33.73,2,264.86,27.18,6.55,3.869427497,5.206360104,0.362525955
Trial18_02,9ON6,190,5,271.41,307.115,35.705,2,299.52,28.11,7.595,4.333758356,5.947862234,0.347205043
Trial18_02,9ON6,190,6,307.115,343.3375,36.2225,3,333.7025,26.5875,9.635,5.924785046,8.230708596,0.519782088
Trial18_02,9ON6,190,7,343.3375,377.1575,33.82,3,369.5925,26.255,7.565,6.044072333,8.099224999,0.565538627
Trial18_02,9ON6,190,8,377.1575,410.3925,33.235,2,403.4625,26.305,6.93,6.454514502,9.11024364,0.523466099
Trial18_02,9ON6,190,9,410.3925,443.7225,33.33,2,435.3675,24.975,8.355,5.278317305,5.336112559,0.601230469
Trial18_28,9ON6,190,1,153.26,183.41,30.15,2,176.905,23.645,6.505,6.096884001,6.660382299,0.562796817
Trial18_28,9ON6,190,2,183.41,215.415,32.005,2,206.875,23.465,8.54,7.179141417,9.834318651,0.548193569
Trial18_28,9ON6,190,3,215.415,248.375,32.96,2,239.72,24.305,8.655,8.023122126,11.75779254,0.575138836
Trial18_28,9ON6,190,4,248.375,282.85,34.475,3,273.615,25.24,9.235,10.12358307,13.40376322,0.51322062
Trial18_28,9ON6,190,5,282.85,316.93,34.08,2,307.81,24.96,9.12,8.327464789,12.47498147,0.531282047
Trial18_28,9ON6,190,6,316.93,355.525,38.595,3,341.755,24.825,13.77,13.78689631,18.06533434,0.528019517
Trial18_28,9ON6,190,7,355.525,389.87,34.345,3,381.275,25.75,8.595,11.65510953,14.95046395,0.474027399
Trial18_28,9ON6,190,8,389.87,424.175,34.305,3,414.75,24.88,9.425,12.36646492,15.82859641,0.491756077
Trial18_28,9ON6,190,9,424.175,460.16,35.985,3,448.38,24.205,11.78,13.48719861,16.97812685,0.483671697